datetime,tanggal,jam,magnitude,kedalaman_km,lintang,bujur,wilayah,dirasakan,potensi_tsunami
2026-06-01 00:00:00,01 Jun 2026,1,6.6,11,-0.95,108.34,Simulasi Drift Data,,1
2026-06-01 02:00:00,01 Jun 2026,3,7.4,6,-3.05,114.51,Simulasi Drift Data,,1
2026-06-01 04:00:00,01 Jun 2026,8,7.9,21,-4.94,138.92,Simulasi Drift Data,,1
2026-06-01 06:00:00,01 Jun 2026,9,6.0,11,3.44,131.87,Simulasi Drift Data,,1
2026-06-01 08:00:00,01 Jun 2026,8,6.6,5,4.48,112.59,Simulasi Drift Data,,1
2026-06-01 10:00:00,01 Jun 2026,18,6.1,26,-2.58,127.02,Simulasi Drift Data,,1
2026-06-01 12:00:00,01 Jun 2026,4,7.7,17,-3.39,114.58,Simulasi Drift Data,,1
2026-06-01 14:00:00,01 Jun 2026,5,7.4,6,4.6,130.84,Simulasi Drift Data,,1
2026-06-01 16:00:00,01 Jun 2026,20,7.7,8,3.93,108.14,Simulasi Drift Data,,1
2026-06-01 18:00:00,01 Jun 2026,1,7.8,10,3.39,114.09,Simulasi Drift Data,,1
2026-06-01 20:00:00,01 Jun 2026,23,6.3,14,-0.04,123.51,Simulasi Drift Data,,1
2026-06-01 22:00:00,01 Jun 2026,3,6.9,25,-1.96,102.1,Simulasi Drift Data,,1
2026-06-02 00:00:00,02 Jun 2026,23,7.1,6,5.4,128.54,Simulasi Drift Data,,1
2026-06-02 02:00:00,02 Jun 2026,17,7.0,28,-6.03,125.66,Simulasi Drift Data,,1
2026-06-02 04:00:00,02 Jun 2026,1,7.4,28,-5.8,140.37,Simulasi Drift Data,,1
2026-06-02 06:00:00,02 Jun 2026,16,7.6,22,-9.28,128.21,Simulasi Drift Data,,1
2026-06-02 08:00:00,02 Jun 2026,6,6.5,25,-4.14,123.7,Simulasi Drift Data,,1
2026-06-02 10:00:00,02 Jun 2026,11,6.2,29,-2.19,122.02,Simulasi Drift Data,,1
2026-06-02 12:00:00,02 Jun 2026,20,7.2,13,-9.23,124.96,Simulasi Drift Data,,1
2026-06-02 14:00:00,02 Jun 2026,23,6.5,18,-5.31,139.09,Simulasi Drift Data,,1
2026-06-02 16:00:00,02 Jun 2026,2,7.7,15,-3.82,100.06,Simulasi Drift Data,,1
2026-06-02 18:00:00,02 Jun 2026,0,6.9,17,5.82,135.85,Simulasi Drift Data,,1
2026-06-02 20:00:00,02 Jun 2026,12,7.4,18,5.61,109.8,Simulasi Drift Data,,1
2026-06-02 22:00:00,02 Jun 2026,8,6.7,11,-9.03,95.21,Simulasi Drift Data,,1
2026-06-03 00:00:00,03 Jun 2026,8,6.2,17,-4.0,105.8,Simulasi Drift Data,,1
2026-06-03 02:00:00,03 Jun 2026,20,6.6,14,2.36,119.18,Simulasi Drift Data,,1
2026-06-03 04:00:00,03 Jun 2026,7,6.3,19,-0.56,120.46,Simulasi Drift Data,,1
2026-06-03 06:00:00,03 Jun 2026,15,6.5,18,0.99,120.18,Simulasi Drift Data,,1
2026-06-03 08:00:00,03 Jun 2026,15,7.1,5,3.58,122.17,Simulasi Drift Data,,1
2026-06-03 10:00:00,03 Jun 2026,5,6.7,22,-4.95,96.48,Simulasi Drift Data,,1
2026-06-03 12:00:00,03 Jun 2026,14,7.5,27,0.91,140.96,Simulasi Drift Data,,1
2026-06-03 14:00:00,03 Jun 2026,4,7.3,17,-0.12,114.61,Simulasi Drift Data,,1
2026-06-03 16:00:00,03 Jun 2026,12,7.5,21,-9.88,102.34,Simulasi Drift Data,,1
2026-06-03 18:00:00,03 Jun 2026,17,7.6,19,0.3,105.25,Simulasi Drift Data,,1
2026-06-03 20:00:00,03 Jun 2026,9,7.1,16,-10.13,128.2,Simulasi Drift Data,,1
2026-06-03 22:00:00,03 Jun 2026,0,6.5,8,-7.09,110.33,Simulasi Drift Data,,1
2026-06-04 00:00:00,04 Jun 2026,21,8.0,27,-9.12,120.89,Simulasi Drift Data,,1
2026-06-04 02:00:00,04 Jun 2026,15,6.2,13,-7.06,138.84,Simulasi Drift Data,,1
2026-06-04 04:00:00,04 Jun 2026,9,6.8,9,5.16,116.41,Simulasi Drift Data,,1
2026-06-04 06:00:00,04 Jun 2026,3,6.3,17,3.63,120.78,Simulasi Drift Data,,1
2026-06-04 08:00:00,04 Jun 2026,19,7.0,10,-6.02,109.27,Simulasi Drift Data,,1
2026-06-04 10:00:00,04 Jun 2026,22,7.6,14,5.21,128.49,Simulasi Drift Data,,1
2026-06-04 12:00:00,04 Jun 2026,18,6.9,10,-8.94,128.15,Simulasi Drift Data,,1
2026-06-04 14:00:00,04 Jun 2026,5,6.9,11,-7.93,113.11,Simulasi Drift Data,,1
2026-06-04 16:00:00,04 Jun 2026,12,6.7,23,-3.27,112.34,Simulasi Drift Data,,1
2026-06-04 18:00:00,04 Jun 2026,0,6.2,12,-10.07,126.04,Simulasi Drift Data,,1
2026-06-04 20:00:00,04 Jun 2026,21,7.4,26,-4.01,126.03,Simulasi Drift Data,,1
2026-06-04 22:00:00,04 Jun 2026,1,7.5,11,-1.31,133.99,Simulasi Drift Data,,1
2026-06-05 00:00:00,05 Jun 2026,12,7.2,26,2.24,139.61,Simulasi Drift Data,,1
2026-06-05 02:00:00,05 Jun 2026,11,7.8,16,2.0,108.67,Simulasi Drift Data,,1
2026-06-05 04:00:00,05 Jun 2026,18,6.3,29,5.99,110.65,Simulasi Drift Data,,1
2026-06-05 06:00:00,05 Jun 2026,11,6.4,24,-2.01,111.67,Simulasi Drift Data,,1
2026-06-05 08:00:00,05 Jun 2026,17,7.7,18,3.14,121.4,Simulasi Drift Data,,1
2026-06-05 10:00:00,05 Jun 2026,9,7.3,23,1.3,108.24,Simulasi Drift Data,,1
2026-06-05 12:00:00,05 Jun 2026,1,7.0,12,2.07,122.39,Simulasi Drift Data,,1
2026-06-05 14:00:00,05 Jun 2026,12,7.5,15,-6.01,119.44,Simulasi Drift Data,,1
2026-06-05 16:00:00,05 Jun 2026,13,7.6,15,-1.37,103.89,Simulasi Drift Data,,1
2026-06-05 18:00:00,05 Jun 2026,12,7.1,17,2.74,130.73,Simulasi Drift Data,,1
2026-06-05 20:00:00,05 Jun 2026,3,7.4,6,-1.73,130.26,Simulasi Drift Data,,1
2026-06-05 22:00:00,05 Jun 2026,8,6.5,5,3.54,99.26,Simulasi Drift Data,,1
2026-06-06 00:00:00,06 Jun 2026,9,7.4,27,-2.43,122.15,Simulasi Drift Data,,1
2026-06-06 02:00:00,06 Jun 2026,18,6.8,8,-6.72,124.34,Simulasi Drift Data,,1
2026-06-06 04:00:00,06 Jun 2026,8,7.2,8,-9.1,99.61,Simulasi Drift Data,,1
2026-06-06 06:00:00,06 Jun 2026,11,7.2,27,-6.62,105.04,Simulasi Drift Data,,1
2026-06-06 08:00:00,06 Jun 2026,0,7.2,6,-0.49,128.62,Simulasi Drift Data,,1
2026-06-06 10:00:00,06 Jun 2026,23,7.4,21,-3.17,105.61,Simulasi Drift Data,,1
2026-06-06 12:00:00,06 Jun 2026,11,6.2,7,1.59,103.78,Simulasi Drift Data,,1
2026-06-06 14:00:00,06 Jun 2026,3,6.4,9,-4.59,99.57,Simulasi Drift Data,,1
2026-06-06 16:00:00,06 Jun 2026,18,6.6,9,2.1,119.27,Simulasi Drift Data,,1
2026-06-06 18:00:00,06 Jun 2026,16,7.9,18,-5.54,140.72,Simulasi Drift Data,,1
2026-06-06 20:00:00,06 Jun 2026,6,7.3,24,5.6,117.18,Simulasi Drift Data,,1
2026-06-06 22:00:00,06 Jun 2026,16,6.3,8,-5.92,131.57,Simulasi Drift Data,,1
2026-06-07 00:00:00,07 Jun 2026,2,7.4,17,3.68,133.23,Simulasi Drift Data,,1
2026-06-07 02:00:00,07 Jun 2026,10,7.7,17,-3.69,118.82,Simulasi Drift Data,,1
2026-06-07 04:00:00,07 Jun 2026,19,7.8,28,-6.84,102.45,Simulasi Drift Data,,1
2026-06-07 06:00:00,07 Jun 2026,18,6.4,16,5.28,101.74,Simulasi Drift Data,,1
2026-06-07 08:00:00,07 Jun 2026,8,7.9,12,-4.34,128.68,Simulasi Drift Data,,1
2026-06-07 10:00:00,07 Jun 2026,3,6.5,20,1.24,131.07,Simulasi Drift Data,,1
2026-06-07 12:00:00,07 Jun 2026,13,6.3,17,-8.18,114.37,Simulasi Drift Data,,1
2026-06-07 14:00:00,07 Jun 2026,21,7.3,11,5.39,120.0,Simulasi Drift Data,,1
2026-06-07 16:00:00,07 Jun 2026,21,6.1,6,-8.64,116.19,Simulasi Drift Data,,1
2026-06-07 18:00:00,07 Jun 2026,9,7.6,5,3.88,114.32,Simulasi Drift Data,,1
2026-06-07 20:00:00,07 Jun 2026,12,6.3,10,-10.75,133.03,Simulasi Drift Data,,1
2026-06-07 22:00:00,07 Jun 2026,4,6.2,8,-5.61,113.24,Simulasi Drift Data,,1
2026-06-08 00:00:00,08 Jun 2026,1,7.6,9,-2.91,126.11,Simulasi Drift Data,,1
2026-06-08 02:00:00,08 Jun 2026,13,7.9,28,1.18,97.69,Simulasi Drift Data,,1
2026-06-08 04:00:00,08 Jun 2026,11,7.5,25,0.86,100.73,Simulasi Drift Data,,1
2026-06-08 06:00:00,08 Jun 2026,11,7.6,21,-6.29,105.61,Simulasi Drift Data,,1
2026-06-08 08:00:00,08 Jun 2026,12,7.9,15,-9.73,122.74,Simulasi Drift Data,,1
2026-06-08 10:00:00,08 Jun 2026,4,6.8,13,-9.35,113.86,Simulasi Drift Data,,1
2026-06-08 12:00:00,08 Jun 2026,9,6.6,25,-11.0,128.34,Simulasi Drift Data,,1
2026-06-08 14:00:00,08 Jun 2026,23,7.4,11,2.0,105.92,Simulasi Drift Data,,1
2026-06-08 16:00:00,08 Jun 2026,22,7.3,29,-8.69,139.58,Simulasi Drift Data,,1
2026-06-08 18:00:00,08 Jun 2026,5,7.4,25,2.85,122.61,Simulasi Drift Data,,1
2026-06-08 20:00:00,08 Jun 2026,23,7.4,24,-6.29,136.19,Simulasi Drift Data,,1
2026-06-08 22:00:00,08 Jun 2026,10,7.4,11,-8.01,100.85,Simulasi Drift Data,,1
2026-06-09 00:00:00,09 Jun 2026,5,6.4,7,-3.11,106.33,Simulasi Drift Data,,1
2026-06-09 02:00:00,09 Jun 2026,0,6.2,12,1.54,116.98,Simulasi Drift Data,,1
2026-06-09 04:00:00,09 Jun 2026,3,7.0,29,3.4,121.94,Simulasi Drift Data,,1
2026-06-09 06:00:00,09 Jun 2026,7,7.9,6,-2.14,125.51,Simulasi Drift Data,,1
2026-06-10T01:54:21+00:00,10 Jun 2026,8,5.3,10,5.57,125.38,209 km BaratLaut PULAUKARATUNG-SULUT,,0
2026-06-09T16:49:18+00:00,09 Jun 2026,23,5.3,10,5.75,125.26,230 km BaratLaut PULAUKARATUNG-SULUT,,0
2026-06-09T10:07:17+00:00,09 Jun 2026,17,5.9,10,6.27,124.61,311 km BaratLaut TAHUNA-KEP.SANGIHE-SULUT,,0
2026-06-09T06:15:14+00:00,09 Jun 2026,13,5.1,10,5.27,125.32,185 km BaratLaut TAHUNA-KEP.SANGIHE-SULUT,,0
2026-06-08T14:52:59+00:00,08 Jun 2026,21,5.5,10,5.69,124.71,246 km BaratLaut TAHUNA-KEP.SANGIHE-SULUT,,0
2026-06-08T13:37:50+00:00,08 Jun 2026,20,5.2,10,5.33,125.08,196 km BaratLaut TAHUNA-KEP.SANGIHE-SULUT,,0
2026-06-08T11:22:28+00:00,08 Jun 2026,18,5.5,10,5.5,125.21,212 km BaratLaut TAHUNA-KEP.SANGIHE-SULUT,,0
2026-06-08T09:28:25+00:00,08 Jun 2026,16,5.2,10,5.18,125.27,176 km BaratLaut TAHUNA-KEP.SANGIHE-SULUT,,0
2026-06-08T09:16:47+00:00,08 Jun 2026,16,5.3,10,5.18,125.48,174 km BaratLaut TAHUNA-KEP.SANGIHE-SULUT,,0
2026-06-08T08:13:36+00:00,08 Jun 2026,15,5.2,10,5.61,125.04,227 km BaratLaut TAHUNA-KEP.SANGIHE-SULUT,,0
2026-06-08T06:21:48+00:00,08 Jun 2026,13,5.2,10,5.21,125.21,180 km BaratLaut TAHUNA-KEP.SANGIHE-SULUT,,0
2026-06-08T05:11:59+00:00,08 Jun 2026,12,5.6,10,5.52,125.29,213 km BaratLaut TAHUNA-KEP.SANGIHE-SULUT,,0
2026-06-08T04:46:48+00:00,08 Jun 2026,11,5.8,29,4.74,125.3,127 km BaratLaut TAHUNA-KEP.SANGIHE-SULUT,,0
2026-06-08T01:10:54+00:00,08 Jun 2026,8,5.2,151,5.13,125.18,172 km BaratLaut TAHUNA-KEP.SANGIHE-SULUT,,0
2026-06-08T00:55:10+00:00,08 Jun 2026,7,6.0,10,5.41,125.29,201 km BaratLaut TAHUNA-KEP.SANGIHE-SULUT,,0
2026-06-09T17:40:18+00:00,10 Jun 2026,0,3.7,13,1.29,126.42,Pusat gempa berada di darat 120 km Barat Jailolo,,0
2026-06-09T07:00:55+00:00,09 Jun 2026,14,3.5,10,-3.59,122.32,Pusat gempa berada di laut 25 km Timur Konawe Utara,,0
2026-06-09T04:33:45+00:00,09 Jun 2026,11,2.3,5,-6.7,107.59,Pusat gempa berada di darat 18 km timur laut Kabupaten Bandung,,0
2026-06-08T21:55:59+00:00,09 Jun 2026,4,3.7,7,-3.57,122.35,Pusat gempa berada di darat 27 km timur Konawe Utara,,0
2026-06-08T16:09:52+00:00,08 Jun 2026,23,3.6,5,-3.55,122.25,Pusat gempa berada di darat 16 km Timur Konawe Utara,,0
2026-06-08T16:09:13+00:00,08 Jun 2026,23,3.6,3,-3.54,122.3,Pusat gempa berada di darat 21 km Timur Konawe Utara,,0
2026-06-08T06:39:24+00:00,08 Jun 2026,13,4.5,68,-0.88,100.25,Pusat gempa berada di laut 28 km selatan Padang Pariaman,,0
2026-06-08T06:28:14+00:00,08 Jun 2026,13,3.8,3,-1.99,124.41,Pusat gempa berada di laut 5 km tenggara Bobong,,0
2026-06-08T05:49:13+00:00,08 Jun 2026,12,3.0,4,4.75,96.81,Pusat gempa berada di darat 6 km barat laut Kabupaten Bener Meriah,,0
2026-06-07T23:37:42+00:00,08 Jun 2026,6,7.7,105,5.69,125.05,Pusat gempa berada di laut 244 km barat laut Pulau Karatung,,0
2026-06-07T13:06:08+00:00,07 Jun 2026,20,4.5,10,2.5,96.13,Pusat gempa berada di laut 27 km barat Sinabang,,0
2026-06-07T06:13:31+00:00,07 Jun 2026,13,2.9,5,4.68,96.79,Pusat gempa berada di darat 9 km barat laut Takengon,,0
2026-06-07T06:01:18+00:00,07 Jun 2026,13,2.5,5,4.67,96.83,Pusat gempa berada di darat 5 km utara Takengon,,0
2023-01-01 00:00:00,01 Jan 2023,6,5.5,33,-1.1,118.12,Indonesia (seed),,0
2023-01-01 12:00:00,01 Jan 2023,19,2.1,53,-5.12,113.34,Indonesia (seed),,0
2023-01-02 00:00:00,02 Jan 2023,14,5.2,177,-0.44,101.73,Indonesia (seed),,0
2023-01-02 12:00:00,02 Jan 2023,10,7.2,34,-10.22,111.91,Indonesia (seed),,1
2023-01-03 00:00:00,03 Jan 2023,7,5.2,148,3.82,98.14,Indonesia (seed),,0
2023-01-03 12:00:00,03 Jan 2023,20,4.1,172,5.55,96.19,Indonesia (seed),,0
2023-01-04 00:00:00,04 Jan 2023,6,5.5,23,5.47,101.22,Indonesia (seed),,0
2023-01-04 12:00:00,04 Jan 2023,18,4.5,22,1.74,139.3,Indonesia (seed),,0
2023-01-05 00:00:00,05 Jan 2023,22,5.0,5,-8.79,120.28,Indonesia (seed),,0
2023-01-05 12:00:00,05 Jan 2023,10,7.2,82,1.89,139.43,Indonesia (seed),,0
2023-01-06 00:00:00,06 Jan 2023,10,4.1,119,-10.58,114.89,Indonesia (seed),,0
2023-01-06 12:00:00,06 Jan 2023,23,7.3,179,-10.62,109.34,Indonesia (seed),,0
2023-01-07 00:00:00,07 Jan 2023,20,7.0,198,-5.5,118.28,Indonesia (seed),,0
2023-01-07 12:00:00,07 Jan 2023,3,3.1,117,-2.69,115.22,Indonesia (seed),,0
2023-01-08 00:00:00,08 Jan 2023,7,2.4,118,2.1,99.86,Indonesia (seed),,0
2023-01-08 12:00:00,08 Jan 2023,23,2.6,170,0.62,124.48,Indonesia (seed),,0
2023-01-09 00:00:00,09 Jan 2023,2,2.1,183,-3.42,104.94,Indonesia (seed),,0
2023-01-09 12:00:00,09 Jan 2023,21,2.5,67,-6.35,123.5,Indonesia (seed),,0
2023-01-10 00:00:00,10 Jan 2023,20,5.8,136,5.95,124.91,Indonesia (seed),,0
2023-01-10 12:00:00,10 Jan 2023,1,2.4,133,-3.75,101.99,Indonesia (seed),,0
2023-01-11 00:00:00,11 Jan 2023,23,3.8,12,-3.33,97.82,Indonesia (seed),,0
2023-01-11 12:00:00,11 Jan 2023,11,6.6,161,-8.22,130.92,Indonesia (seed),,0
2023-01-12 00:00:00,12 Jan 2023,5,2.1,59,2.51,116.15,Indonesia (seed),,0
2023-01-12 12:00:00,12 Jan 2023,1,6.5,107,0.79,97.68,Indonesia (seed),,0
2023-01-13 00:00:00,13 Jan 2023,20,3.6,135,-7.25,140.76,Indonesia (seed),,0
2023-01-13 12:00:00,13 Jan 2023,0,2.6,36,-9.6,97.66,Indonesia (seed),,0
2023-01-14 00:00:00,14 Jan 2023,11,5.8,14,0.57,126.97,Indonesia (seed),,0
2023-01-14 12:00:00,14 Jan 2023,21,5.5,114,0.13,140.25,Indonesia (seed),,0
2023-01-15 00:00:00,15 Jan 2023,11,6.8,166,-6.35,106.0,Indonesia (seed),,0
2023-01-15 12:00:00,15 Jan 2023,16,6.0,128,5.16,101.54,Indonesia (seed),,0
2023-01-16 00:00:00,16 Jan 2023,9,6.4,91,-8.43,100.58,Indonesia (seed),,0
2023-01-16 12:00:00,16 Jan 2023,15,3.6,59,-3.65,108.95,Indonesia (seed),,0
2023-01-17 00:00:00,17 Jan 2023,14,3.0,36,5.04,99.65,Indonesia (seed),,0
2023-01-17 12:00:00,17 Jan 2023,14,6.1,182,-3.86,126.84,Indonesia (seed),,0
2023-01-18 00:00:00,18 Jan 2023,18,6.4,139,-0.15,97.87,Indonesia (seed),,0
2023-01-18 12:00:00,18 Jan 2023,11,7.4,97,-4.24,118.43,Indonesia (seed),,0
2023-01-19 00:00:00,19 Jan 2023,22,4.3,12,-6.34,140.85,Indonesia (seed),,0
2023-01-19 12:00:00,19 Jan 2023,19,4.0,69,5.73,132.44,Indonesia (seed),,0
2023-01-20 00:00:00,20 Jan 2023,2,6.3,61,-4.04,123.3,Indonesia (seed),,0
2023-01-20 12:00:00,20 Jan 2023,4,3.9,71,4.2,109.09,Indonesia (seed),,1
2023-01-21 00:00:00,21 Jan 2023,18,7.1,191,-7.09,123.7,Indonesia (seed),,0
2023-01-21 12:00:00,21 Jan 2023,6,6.7,76,-7.38,119.24,Indonesia (seed),,0
2023-01-22 00:00:00,22 Jan 2023,20,4.4,58,-10.47,114.6,Indonesia (seed),,0
2023-01-22 12:00:00,22 Jan 2023,8,6.1,71,0.08,101.01,Indonesia (seed),,0
2023-01-23 00:00:00,23 Jan 2023,6,6.1,55,-4.74,135.78,Indonesia (seed),,0
2023-01-23 12:00:00,23 Jan 2023,17,2.6,101,3.69,115.69,Indonesia (seed),,0
2023-01-24 00:00:00,24 Jan 2023,3,7.0,96,-2.96,103.95,Indonesia (seed),,0
2023-01-24 12:00:00,24 Jan 2023,13,4.8,12,5.46,111.92,Indonesia (seed),,0
2023-01-25 00:00:00,25 Jan 2023,17,6.5,166,-7.85,114.05,Indonesia (seed),,0
2023-01-25 12:00:00,25 Jan 2023,8,3.8,39,3.77,133.07,Indonesia (seed),,0
2023-01-26 00:00:00,26 Jan 2023,20,6.9,100,2.2,128.75,Indonesia (seed),,0
2023-01-26 12:00:00,26 Jan 2023,1,4.1,92,2.11,130.39,Indonesia (seed),,0
2023-01-27 00:00:00,27 Jan 2023,19,2.1,82,3.36,95.51,Indonesia (seed),,0
2023-01-27 12:00:00,27 Jan 2023,14,7.0,36,1.94,114.14,Indonesia (seed),,1
2023-01-28 00:00:00,28 Jan 2023,6,2.5,124,-0.35,117.14,Indonesia (seed),,0
2023-01-28 12:00:00,28 Jan 2023,11,3.8,50,-8.77,95.88,Indonesia (seed),,0
2023-01-29 00:00:00,29 Jan 2023,7,7.2,148,-10.45,106.95,Indonesia (seed),,0
2023-01-29 12:00:00,29 Jan 2023,14,7.2,169,4.65,129.97,Indonesia (seed),,1
2023-01-30 00:00:00,30 Jan 2023,2,5.2,186,-0.52,101.31,Indonesia (seed),,0
2023-01-30 12:00:00,30 Jan 2023,13,5.5,146,2.54,119.62,Indonesia (seed),,0
2023-01-31 00:00:00,31 Jan 2023,16,4.5,59,-2.81,104.9,Indonesia (seed),,0
2023-01-31 12:00:00,31 Jan 2023,3,3.6,180,-9.01,95.56,Indonesia (seed),,0
2023-02-01 00:00:00,01 Feb 2023,17,3.8,11,-8.87,106.1,Indonesia (seed),,0
2023-02-01 12:00:00,01 Feb 2023,7,5.7,78,0.65,139.89,Indonesia (seed),,0
2023-02-02 00:00:00,02 Feb 2023,3,6.1,11,-3.68,131.87,Indonesia (seed),,0
2023-02-02 12:00:00,02 Feb 2023,1,6.4,165,-7.59,139.14,Indonesia (seed),,1
2023-02-03 00:00:00,03 Feb 2023,5,6.3,155,-2.64,117.44,Indonesia (seed),,0
2023-02-03 12:00:00,03 Feb 2023,21,2.5,89,-9.91,100.05,Indonesia (seed),,0
2023-02-04 00:00:00,04 Feb 2023,9,4.7,151,-1.11,120.21,Indonesia (seed),,0
2023-02-04 12:00:00,04 Feb 2023,3,2.3,116,-6.43,115.9,Indonesia (seed),,0
2023-02-05 00:00:00,05 Feb 2023,21,5.0,129,2.56,133.84,Indonesia (seed),,0
2023-02-05 12:00:00,05 Feb 2023,17,4.4,151,-5.72,99.51,Indonesia (seed),,0
2023-02-06 00:00:00,06 Feb 2023,11,6.9,40,-3.26,117.46,Indonesia (seed),,1
2023-02-06 12:00:00,06 Feb 2023,1,3.9,33,-10.8,101.9,Indonesia (seed),,1
2023-02-07 00:00:00,07 Feb 2023,9,2.6,192,-9.77,109.94,Indonesia (seed),,0
2023-02-07 12:00:00,07 Feb 2023,3,2.8,86,-4.33,128.92,Indonesia (seed),,0
2023-02-08 00:00:00,08 Feb 2023,13,6.2,6,-2.84,116.9,Indonesia (seed),,0
2023-02-08 12:00:00,08 Feb 2023,15,5.4,133,-0.8,112.29,Indonesia (seed),,0
2023-02-09 00:00:00,09 Feb 2023,14,2.6,51,-6.04,113.15,Indonesia (seed),,0
2023-02-09 12:00:00,09 Feb 2023,7,2.5,152,0.81,116.13,Indonesia (seed),,1
2023-02-10 00:00:00,10 Feb 2023,13,5.9,15,3.62,131.11,Indonesia (seed),,0
2023-02-10 12:00:00,10 Feb 2023,22,2.4,134,2.26,136.04,Indonesia (seed),,0
2023-02-11 00:00:00,11 Feb 2023,7,6.5,199,-10.33,138.95,Indonesia (seed),,0
2023-02-11 12:00:00,11 Feb 2023,20,5.9,123,-2.83,131.2,Indonesia (seed),,0
2023-02-12 00:00:00,12 Feb 2023,15,2.4,144,-9.22,109.51,Indonesia (seed),,0
2023-02-12 12:00:00,12 Feb 2023,12,2.5,24,-6.89,126.65,Indonesia (seed),,0
2023-02-13 00:00:00,13 Feb 2023,17,7.4,9,5.77,115.13,Indonesia (seed),,1
2023-02-13 12:00:00,13 Feb 2023,14,4.1,41,-8.58,106.71,Indonesia (seed),,0
2023-02-14 00:00:00,14 Feb 2023,20,4.0,170,-2.52,133.68,Indonesia (seed),,0
2023-02-14 12:00:00,14 Feb 2023,23,6.5,141,-0.49,96.77,Indonesia (seed),,0
2023-02-15 00:00:00,15 Feb 2023,12,7.2,57,0.94,136.48,Indonesia (seed),,1
2023-02-15 12:00:00,15 Feb 2023,8,7.4,176,-1.49,116.23,Indonesia (seed),,0
2023-02-16 00:00:00,16 Feb 2023,14,6.1,103,-10.83,124.31,Indonesia (seed),,0
2023-02-16 12:00:00,16 Feb 2023,12,4.1,90,-5.45,125.33,Indonesia (seed),,0
2023-02-17 00:00:00,17 Feb 2023,0,2.5,112,-2.2,136.18,Indonesia (seed),,1
2023-02-17 12:00:00,17 Feb 2023,6,6.3,28,-9.51,124.29,Indonesia (seed),,0
2023-02-18 00:00:00,18 Feb 2023,8,5.1,85,-5.04,123.24,Indonesia (seed),,0
2023-02-18 12:00:00,18 Feb 2023,23,4.3,162,-10.44,98.07,Indonesia (seed),,0
2023-02-19 00:00:00,19 Feb 2023,0,7.0,124,-9.66,118.85,Indonesia (seed),,0
2023-02-19 12:00:00,19 Feb 2023,11,2.6,63,-4.25,101.91,Indonesia (seed),,0
2023-02-20 00:00:00,20 Feb 2023,7,4.7,132,-8.74,128.92,Indonesia (seed),,0
2023-02-20 12:00:00,20 Feb 2023,23,2.1,118,-1.35,118.56,Indonesia (seed),,0
2023-02-21 00:00:00,21 Feb 2023,10,4.6,119,0.72,126.29,Indonesia (seed),,0
2023-02-21 12:00:00,21 Feb 2023,18,2.3,18,2.61,96.92,Indonesia (seed),,0
2023-02-22 00:00:00,22 Feb 2023,16,2.7,13,-7.6,98.9,Indonesia (seed),,0
2023-02-22 12:00:00,22 Feb 2023,7,2.6,44,-8.15,127.95,Indonesia (seed),,0
2023-02-23 00:00:00,23 Feb 2023,2,5.6,198,-9.22,98.32,Indonesia (seed),,0
2023-02-23 12:00:00,23 Feb 2023,2,6.1,29,-0.18,98.28,Indonesia (seed),,0
2023-02-24 00:00:00,24 Feb 2023,0,5.2,107,1.01,95.56,Indonesia (seed),,0
2023-02-24 12:00:00,24 Feb 2023,4,7.3,26,-10.46,139.0,Indonesia (seed),,1
2023-02-25 00:00:00,25 Feb 2023,9,4.1,8,4.92,128.93,Indonesia (seed),,0
2023-02-25 12:00:00,25 Feb 2023,6,3.6,158,-10.12,111.25,Indonesia (seed),,0
2023-02-26 00:00:00,26 Feb 2023,8,6.8,190,-1.8,108.64,Indonesia (seed),,0
2023-02-26 12:00:00,26 Feb 2023,6,3.2,33,1.05,111.09,Indonesia (seed),,0
2023-02-27 00:00:00,27 Feb 2023,8,7.3,113,3.81,130.63,Indonesia (seed),,0
2023-02-27 12:00:00,27 Feb 2023,7,2.1,102,1.14,125.42,Indonesia (seed),,0
2023-02-28 00:00:00,28 Feb 2023,11,7.3,41,2.63,103.52,Indonesia (seed),,1
2023-02-28 12:00:00,28 Feb 2023,1,2.2,79,-5.23,103.01,Indonesia (seed),,0
2023-03-01 00:00:00,01 Mar 2023,0,6.9,74,2.85,99.53,Indonesia (seed),,0
2023-03-01 12:00:00,01 Mar 2023,15,4.9,150,-9.64,125.37,Indonesia (seed),,0
2023-03-02 00:00:00,02 Mar 2023,22,7.5,132,4.21,130.16,Indonesia (seed),,0
2023-03-02 12:00:00,02 Mar 2023,22,2.4,89,-1.69,107.19,Indonesia (seed),,0
2023-03-03 00:00:00,03 Mar 2023,23,5.0,46,2.89,95.96,Indonesia (seed),,0
2023-03-03 12:00:00,03 Mar 2023,4,7.3,104,-3.31,98.78,Indonesia (seed),,0
2023-03-04 00:00:00,04 Mar 2023,2,4.9,45,-0.06,139.52,Indonesia (seed),,0
2023-03-04 12:00:00,04 Mar 2023,11,5.5,170,-2.05,108.59,Indonesia (seed),,0
2023-03-05 00:00:00,05 Mar 2023,7,5.8,38,1.44,130.38,Indonesia (seed),,0
2023-03-05 12:00:00,05 Mar 2023,21,4.5,21,-9.61,123.73,Indonesia (seed),,0
2023-03-06 00:00:00,06 Mar 2023,2,5.5,169,-9.97,112.57,Indonesia (seed),,0
2023-03-06 12:00:00,06 Mar 2023,0,5.2,157,-6.8,104.46,Indonesia (seed),,0
2023-03-07 00:00:00,07 Mar 2023,2,7.0,126,-8.29,100.58,Indonesia (seed),,0
2023-03-07 12:00:00,07 Mar 2023,4,2.2,80,3.82,123.29,Indonesia (seed),,0
2023-03-08 00:00:00,08 Mar 2023,14,3.5,91,-7.27,130.63,Indonesia (seed),,0
2023-03-08 12:00:00,08 Mar 2023,13,7.2,121,5.59,124.62,Indonesia (seed),,0
2023-03-09 00:00:00,09 Mar 2023,2,6.9,110,-5.27,119.39,Indonesia (seed),,0
2023-03-09 12:00:00,09 Mar 2023,0,4.5,90,-7.9,96.93,Indonesia (seed),,0
2023-03-10 00:00:00,10 Mar 2023,4,5.4,31,2.42,139.55,Indonesia (seed),,0
2023-03-10 12:00:00,10 Mar 2023,22,3.5,61,0.2,131.74,Indonesia (seed),,0
2023-03-11 00:00:00,11 Mar 2023,13,3.0,35,-2.53,108.47,Indonesia (seed),,0
2023-03-11 12:00:00,11 Mar 2023,6,4.6,138,-1.56,140.08,Indonesia (seed),,1
2023-03-12 00:00:00,12 Mar 2023,8,3.9,172,1.23,122.69,Indonesia (seed),,0
2023-03-12 12:00:00,12 Mar 2023,14,5.2,102,-7.12,121.79,Indonesia (seed),,0
2023-03-13 00:00:00,13 Mar 2023,14,2.4,16,5.94,129.41,Indonesia (seed),,0
2023-03-13 12:00:00,13 Mar 2023,9,7.4,57,5.57,132.34,Indonesia (seed),,1
2023-03-14 00:00:00,14 Mar 2023,12,7.4,142,0.06,125.2,Indonesia (seed),,0
2023-03-14 12:00:00,14 Mar 2023,18,5.8,177,-7.61,100.89,Indonesia (seed),,0
2023-03-15 00:00:00,15 Mar 2023,6,4.9,149,0.56,110.56,Indonesia (seed),,0
2023-03-15 12:00:00,15 Mar 2023,16,3.7,158,-9.77,137.69,Indonesia (seed),,0
2023-03-16 00:00:00,16 Mar 2023,19,6.5,194,-10.48,105.33,Indonesia (seed),,0
2023-03-16 12:00:00,16 Mar 2023,3,5.8,126,-6.62,112.12,Indonesia (seed),,0
2023-03-17 00:00:00,17 Mar 2023,4,2.9,50,-3.14,114.88,Indonesia (seed),,0
2023-03-17 12:00:00,17 Mar 2023,22,7.0,68,3.76,115.21,Indonesia (seed),,1
2023-03-18 00:00:00,18 Mar 2023,6,6.5,134,1.36,123.2,Indonesia (seed),,0
2023-03-18 12:00:00,18 Mar 2023,12,7.2,58,1.63,138.38,Indonesia (seed),,1
2023-03-19 00:00:00,19 Mar 2023,14,6.0,111,-3.77,106.07,Indonesia (seed),,0
2023-03-19 12:00:00,19 Mar 2023,10,5.4,197,-5.12,100.59,Indonesia (seed),,0
2023-03-20 00:00:00,20 Mar 2023,3,4.3,55,-4.69,104.08,Indonesia (seed),,0
2023-03-20 12:00:00,20 Mar 2023,12,7.1,185,5.79,135.8,Indonesia (seed),,0
2023-03-21 00:00:00,21 Mar 2023,6,6.8,40,-10.32,124.71,Indonesia (seed),,0
2023-03-21 12:00:00,21 Mar 2023,18,2.2,119,3.74,108.15,Indonesia (seed),,0
2023-03-22 00:00:00,22 Mar 2023,21,2.1,30,-1.16,132.53,Indonesia (seed),,0
2023-03-22 12:00:00,22 Mar 2023,1,4.1,33,-3.54,134.62,Indonesia (seed),,0
2023-03-23 00:00:00,23 Mar 2023,9,6.5,153,1.33,133.94,Indonesia (seed),,0
2023-03-23 12:00:00,23 Mar 2023,12,7.4,15,-2.73,137.27,Indonesia (seed),,1
2023-03-24 00:00:00,24 Mar 2023,20,2.8,44,3.85,106.6,Indonesia (seed),,0
2023-03-24 12:00:00,24 Mar 2023,5,5.3,15,4.31,129.73,Indonesia (seed),,0
2023-03-25 00:00:00,25 Mar 2023,11,4.1,168,-3.83,116.18,Indonesia (seed),,0
2023-03-25 12:00:00,25 Mar 2023,11,7.3,117,-6.29,133.73,Indonesia (seed),,0
2023-03-26 00:00:00,26 Mar 2023,19,6.6,191,-0.93,128.51,Indonesia (seed),,0
2023-03-26 12:00:00,26 Mar 2023,10,6.6,43,4.51,130.72,Indonesia (seed),,1
2023-03-27 00:00:00,27 Mar 2023,22,4.6,58,-7.42,125.18,Indonesia (seed),,0
2023-03-27 12:00:00,27 Mar 2023,6,4.3,102,-0.41,103.16,Indonesia (seed),,0
2023-03-28 00:00:00,28 Mar 2023,0,3.5,59,-0.26,120.07,Indonesia (seed),,0
2023-03-28 12:00:00,28 Mar 2023,0,2.3,115,1.46,140.29,Indonesia (seed),,0
2023-03-29 00:00:00,29 Mar 2023,19,6.8,156,-8.76,138.12,Indonesia (seed),,0
2023-03-29 12:00:00,29 Mar 2023,12,6.5,154,1.17,96.99,Indonesia (seed),,0
2023-03-30 00:00:00,30 Mar 2023,8,7.5,73,4.45,102.58,Indonesia (seed),,0
2023-03-30 12:00:00,30 Mar 2023,2,7.5,60,-7.95,101.06,Indonesia (seed),,1
2023-03-31 00:00:00,31 Mar 2023,6,5.1,37,-6.96,128.4,Indonesia (seed),,0
2023-03-31 12:00:00,31 Mar 2023,5,6.2,40,5.51,132.62,Indonesia (seed),,0
2023-04-01 00:00:00,01 Apr 2023,7,7.2,152,-7.92,104.82,Indonesia (seed),,0
2023-04-01 12:00:00,01 Apr 2023,8,6.7,85,3.52,118.27,Indonesia (seed),,0
2023-04-02 00:00:00,02 Apr 2023,4,3.4,194,-2.63,133.67,Indonesia (seed),,0
2023-04-02 12:00:00,02 Apr 2023,0,4.5,113,-6.8,128.71,Indonesia (seed),,0
2023-04-03 00:00:00,03 Apr 2023,18,2.7,158,3.8,119.94,Indonesia (seed),,0
2023-04-03 12:00:00,03 Apr 2023,9,7.2,198,-3.43,122.16,Indonesia (seed),,0
2023-04-04 00:00:00,04 Apr 2023,11,5.3,77,-2.25,118.38,Indonesia (seed),,0
2023-04-04 12:00:00,04 Apr 2023,23,3.3,44,-4.89,108.69,Indonesia (seed),,0
2023-04-05 00:00:00,05 Apr 2023,14,5.7,21,-0.92,120.99,Indonesia (seed),,0
2023-04-05 12:00:00,05 Apr 2023,21,5.4,133,-8.22,126.69,Indonesia (seed),,0
2023-04-06 00:00:00,06 Apr 2023,23,4.0,65,-4.35,135.17,Indonesia (seed),,0
2023-04-06 12:00:00,06 Apr 2023,8,2.6,175,5.48,124.27,Indonesia (seed),,0
2023-04-07 00:00:00,07 Apr 2023,19,5.7,108,-6.61,130.01,Indonesia (seed),,0
2023-04-07 12:00:00,07 Apr 2023,16,4.9,46,0.16,102.36,Indonesia (seed),,0
2023-04-08 00:00:00,08 Apr 2023,16,6.2,29,-5.47,116.23,Indonesia (seed),,0
2023-04-08 12:00:00,08 Apr 2023,19,4.9,43,2.15,95.43,Indonesia (seed),,0
2023-04-09 00:00:00,09 Apr 2023,11,6.7,39,-8.78,106.35,Indonesia (seed),,1
2023-04-09 12:00:00,09 Apr 2023,6,5.0,135,5.49,128.42,Indonesia (seed),,0
2023-04-10 00:00:00,10 Apr 2023,1,5.1,112,-3.29,140.62,Indonesia (seed),,0
2023-04-10 12:00:00,10 Apr 2023,2,6.8,176,-6.99,99.56,Indonesia (seed),,0
2023-04-11 00:00:00,11 Apr 2023,16,4.2,183,-9.75,113.47,Indonesia (seed),,0
2023-04-11 12:00:00,11 Apr 2023,4,2.7,106,-8.11,131.8,Indonesia (seed),,0
2023-04-12 00:00:00,12 Apr 2023,16,2.2,102,-2.16,104.39,Indonesia (seed),,0
2023-04-12 12:00:00,12 Apr 2023,23,6.2,16,-5.27,120.53,Indonesia (seed),,0
2023-04-13 00:00:00,13 Apr 2023,16,5.4,23,3.09,128.72,Indonesia (seed),,0
2023-04-13 12:00:00,13 Apr 2023,16,5.9,105,-3.67,123.34,Indonesia (seed),,0
2023-04-14 00:00:00,14 Apr 2023,1,3.2,48,-6.77,103.65,Indonesia (seed),,0
2023-04-14 12:00:00,14 Apr 2023,1,2.8,191,-0.51,111.35,Indonesia (seed),,0
2023-04-15 00:00:00,15 Apr 2023,21,2.1,53,1.02,131.05,Indonesia (seed),,0
2023-04-15 12:00:00,15 Apr 2023,22,3.9,193,-8.16,120.49,Indonesia (seed),,0
2023-04-16 00:00:00,16 Apr 2023,4,5.2,21,-8.15,95.24,Indonesia (seed),,0
2023-04-16 12:00:00,16 Apr 2023,0,4.2,78,-10.38,130.01,Indonesia (seed),,0
2023-04-17 00:00:00,17 Apr 2023,0,4.4,61,1.52,96.62,Indonesia (seed),,0
2023-04-17 12:00:00,17 Apr 2023,18,7.0,59,0.28,129.3,Indonesia (seed),,1
2023-04-18 00:00:00,18 Apr 2023,1,3.9,51,-2.93,104.31,Indonesia (seed),,0
2023-04-18 12:00:00,18 Apr 2023,20,4.8,16,3.35,139.07,Indonesia (seed),,0
2023-04-19 00:00:00,19 Apr 2023,11,6.3,66,2.7,111.93,Indonesia (seed),,0
2023-04-19 12:00:00,19 Apr 2023,5,4.2,84,-1.05,110.04,Indonesia (seed),,0
2023-04-20 00:00:00,20 Apr 2023,22,5.4,87,3.76,101.85,Indonesia (seed),,0
2023-04-20 12:00:00,20 Apr 2023,3,6.7,12,-7.5,109.06,Indonesia (seed),,1
2023-04-21 00:00:00,21 Apr 2023,22,7.2,153,-9.1,135.33,Indonesia (seed),,0
2023-04-21 12:00:00,21 Apr 2023,10,2.8,85,-6.41,140.83,Indonesia (seed),,0
2023-04-22 00:00:00,22 Apr 2023,23,7.1,122,-10.03,111.94,Indonesia (seed),,0
2023-04-22 12:00:00,22 Apr 2023,16,4.7,29,-1.97,115.64,Indonesia (seed),,0
2023-04-23 00:00:00,23 Apr 2023,5,3.4,93,4.92,128.22,Indonesia (seed),,0
2023-04-23 12:00:00,23 Apr 2023,23,4.5,16,-10.33,135.77,Indonesia (seed),,0
2023-04-24 00:00:00,24 Apr 2023,4,7.4,147,-8.92,122.28,Indonesia (seed),,0
2023-04-24 12:00:00,24 Apr 2023,19,4.7,63,-3.31,113.01,Indonesia (seed),,0
2023-04-25 00:00:00,25 Apr 2023,1,3.8,158,4.88,113.98,Indonesia (seed),,0
2023-04-25 12:00:00,25 Apr 2023,5,5.5,113,-5.63,127.0,Indonesia (seed),,0
2023-04-26 00:00:00,26 Apr 2023,21,3.3,30,-2.38,95.15,Indonesia (seed),,0
2023-04-26 12:00:00,26 Apr 2023,10,2.4,51,-10.29,123.5,Indonesia (seed),,0
2023-04-27 00:00:00,27 Apr 2023,15,2.7,36,-8.48,111.35,Indonesia (seed),,0
2023-04-27 12:00:00,27 Apr 2023,15,2.7,14,5.77,131.53,Indonesia (seed),,0
2023-04-28 00:00:00,28 Apr 2023,0,2.8,20,5.41,99.28,Indonesia (seed),,0
2023-04-28 12:00:00,28 Apr 2023,8,2.8,149,-10.92,122.06,Indonesia (seed),,0
2023-04-29 00:00:00,29 Apr 2023,5,5.5,155,5.18,117.12,Indonesia (seed),,0
2023-04-29 12:00:00,29 Apr 2023,15,3.0,30,-0.13,124.55,Indonesia (seed),,0
2023-04-30 00:00:00,30 Apr 2023,2,3.9,90,3.75,97.98,Indonesia (seed),,0
2023-04-30 12:00:00,30 Apr 2023,19,6.9,139,-3.27,121.68,Indonesia (seed),,0
2023-05-01 00:00:00,01 May 2023,3,4.6,18,-2.23,120.83,Indonesia (seed),,0
2023-05-01 12:00:00,01 May 2023,18,5.7,83,-2.69,120.79,Indonesia (seed),,1
2023-05-02 00:00:00,02 May 2023,2,2.9,121,0.34,122.76,Indonesia (seed),,0
2023-05-02 12:00:00,02 May 2023,18,3.1,11,-8.63,126.12,Indonesia (seed),,1
2023-05-03 00:00:00,03 May 2023,19,2.2,141,-10.49,132.03,Indonesia (seed),,0
2023-05-03 12:00:00,03 May 2023,6,2.9,119,-5.77,107.41,Indonesia (seed),,0
2023-05-04 00:00:00,04 May 2023,19,3.5,180,0.98,132.95,Indonesia (seed),,0
2023-05-04 12:00:00,04 May 2023,8,3.0,76,-7.57,117.92,Indonesia (seed),,0
2023-05-05 00:00:00,05 May 2023,0,2.5,63,0.45,98.54,Indonesia (seed),,0
2023-05-05 12:00:00,05 May 2023,7,2.7,86,5.49,97.69,Indonesia (seed),,0
2023-05-06 00:00:00,06 May 2023,6,4.5,120,-9.4,110.37,Indonesia (seed),,0
2023-05-06 12:00:00,06 May 2023,17,3.1,171,0.43,131.11,Indonesia (seed),,0
2023-05-07 00:00:00,07 May 2023,7,4.0,150,-3.46,127.55,Indonesia (seed),,0
2023-05-07 12:00:00,07 May 2023,0,4.8,191,3.76,131.28,Indonesia (seed),,0
2023-05-08 00:00:00,08 May 2023,10,5.8,107,-7.99,118.79,Indonesia (seed),,0
2023-05-08 12:00:00,08 May 2023,17,2.2,21,0.77,115.25,Indonesia (seed),,0
2023-05-09 00:00:00,09 May 2023,22,6.4,18,3.25,101.78,Indonesia (seed),,0
2023-05-09 12:00:00,09 May 2023,9,5.5,163,5.06,110.1,Indonesia (seed),,0
2023-05-10 00:00:00,10 May 2023,2,2.4,156,0.62,114.96,Indonesia (seed),,0
2023-05-10 12:00:00,10 May 2023,6,6.8,112,-2.55,99.08,Indonesia (seed),,0
2023-05-11 00:00:00,11 May 2023,15,7.1,192,-0.5,105.15,Indonesia (seed),,0
2023-05-11 12:00:00,11 May 2023,15,2.3,49,3.77,122.52,Indonesia (seed),,0
2023-05-12 00:00:00,12 May 2023,19,3.5,102,-1.3,128.84,Indonesia (seed),,0
2023-05-12 12:00:00,12 May 2023,16,6.4,135,-10.48,140.92,Indonesia (seed),,0
2023-05-13 00:00:00,13 May 2023,1,6.1,41,4.83,137.92,Indonesia (seed),,0
2023-05-13 12:00:00,13 May 2023,0,3.0,175,0.72,124.56,Indonesia (seed),,0
2023-05-14 00:00:00,14 May 2023,15,3.2,172,0.5,114.38,Indonesia (seed),,0
2023-05-14 12:00:00,14 May 2023,11,4.0,187,-7.33,124.26,Indonesia (seed),,0
2023-05-15 00:00:00,15 May 2023,4,4.7,112,0.2,131.14,Indonesia (seed),,0
2023-05-15 12:00:00,15 May 2023,4,5.4,43,-4.3,100.44,Indonesia (seed),,0
2023-05-16 00:00:00,16 May 2023,22,4.0,19,0.07,113.86,Indonesia (seed),,1
2023-05-16 12:00:00,16 May 2023,8,4.5,124,-9.19,133.63,Indonesia (seed),,0
2023-05-17 00:00:00,17 May 2023,8,6.1,8,0.18,112.66,Indonesia (seed),,0
2023-05-17 12:00:00,17 May 2023,2,2.2,97,5.99,121.31,Indonesia (seed),,0
2023-05-18 00:00:00,18 May 2023,18,3.4,157,-10.18,122.04,Indonesia (seed),,0
2023-05-18 12:00:00,18 May 2023,15,5.9,145,5.61,103.49,Indonesia (seed),,0
2023-05-19 00:00:00,19 May 2023,15,6.9,165,-4.08,111.66,Indonesia (seed),,0
2023-05-19 12:00:00,19 May 2023,2,4.8,20,3.8,110.39,Indonesia (seed),,0
2023-05-20 00:00:00,20 May 2023,19,4.9,174,2.3,96.21,Indonesia (seed),,0
2023-05-20 12:00:00,20 May 2023,23,2.6,112,-1.36,96.11,Indonesia (seed),,0
2023-05-21 00:00:00,21 May 2023,21,4.5,130,1.55,133.26,Indonesia (seed),,0
2023-05-21 12:00:00,21 May 2023,23,4.9,198,3.93,107.56,Indonesia (seed),,0
2023-05-22 00:00:00,22 May 2023,0,3.3,59,-4.13,118.83,Indonesia (seed),,0
2023-05-22 12:00:00,22 May 2023,23,3.5,174,-5.44,108.74,Indonesia (seed),,0
2023-05-23 00:00:00,23 May 2023,19,4.1,38,0.35,138.27,Indonesia (seed),,0
2023-05-23 12:00:00,23 May 2023,10,2.1,162,2.73,106.93,Indonesia (seed),,0
2023-05-24 00:00:00,24 May 2023,16,3.8,17,1.96,114.76,Indonesia (seed),,0
2023-05-24 12:00:00,24 May 2023,7,3.2,145,2.56,135.15,Indonesia (seed),,0
2023-05-25 00:00:00,25 May 2023,3,3.8,22,-3.6,133.73,Indonesia (seed),,0
2023-05-25 12:00:00,25 May 2023,5,2.7,164,2.9,103.56,Indonesia (seed),,0
2023-05-26 00:00:00,26 May 2023,7,6.9,100,-8.96,131.92,Indonesia (seed),,0
2023-05-26 12:00:00,26 May 2023,19,5.3,127,-1.74,116.08,Indonesia (seed),,0
2023-05-27 00:00:00,27 May 2023,2,5.7,43,-10.9,117.22,Indonesia (seed),,0
2023-05-27 12:00:00,27 May 2023,15,6.3,50,-5.48,101.14,Indonesia (seed),,0
2023-05-28 00:00:00,28 May 2023,2,4.7,33,-4.77,98.71,Indonesia (seed),,0
2023-05-28 12:00:00,28 May 2023,17,2.5,194,-4.27,128.49,Indonesia (seed),,0
2023-05-29 00:00:00,29 May 2023,13,5.0,66,0.82,117.84,Indonesia (seed),,0
2023-05-29 12:00:00,29 May 2023,17,5.2,189,-4.39,115.1,Indonesia (seed),,0
2023-05-30 00:00:00,30 May 2023,1,6.1,20,-3.37,128.56,Indonesia (seed),,0
2023-05-30 12:00:00,30 May 2023,21,4.4,188,-6.96,130.21,Indonesia (seed),,0
2023-05-31 00:00:00,31 May 2023,2,2.7,125,-4.65,102.31,Indonesia (seed),,0
2023-05-31 12:00:00,31 May 2023,15,3.6,14,-7.14,123.07,Indonesia (seed),,0
2023-06-01 00:00:00,01 Jun 2023,8,4.0,162,-9.76,101.23,Indonesia (seed),,0
2023-06-01 12:00:00,01 Jun 2023,3,5.6,157,-0.74,129.56,Indonesia (seed),,0
2023-06-02 00:00:00,02 Jun 2023,0,5.1,107,0.36,125.22,Indonesia (seed),,0
2023-06-02 12:00:00,02 Jun 2023,3,4.0,88,-0.47,139.0,Indonesia (seed),,0
2023-06-03 00:00:00,03 Jun 2023,0,7.4,137,-3.12,98.17,Indonesia (seed),,0
2023-06-03 12:00:00,03 Jun 2023,13,5.3,69,-4.54,97.62,Indonesia (seed),,0
2023-06-04 00:00:00,04 Jun 2023,20,3.3,181,3.68,107.98,Indonesia (seed),,0
2023-06-04 12:00:00,04 Jun 2023,15,2.6,7,-2.18,107.04,Indonesia (seed),,0
2023-06-05 00:00:00,05 Jun 2023,19,2.8,177,-2.85,106.36,Indonesia (seed),,0
2023-06-05 12:00:00,05 Jun 2023,23,3.4,146,-10.56,136.69,Indonesia (seed),,0
2023-06-06 00:00:00,06 Jun 2023,7,2.9,124,-5.2,106.48,Indonesia (seed),,0
2023-06-06 12:00:00,06 Jun 2023,6,3.0,162,-4.54,107.51,Indonesia (seed),,0
2023-06-07 00:00:00,07 Jun 2023,2,3.6,72,-4.22,129.93,Indonesia (seed),,0
2023-06-07 12:00:00,07 Jun 2023,16,3.0,150,-1.14,115.69,Indonesia (seed),,0
2023-06-08 00:00:00,08 Jun 2023,0,6.9,194,-1.93,130.73,Indonesia (seed),,0
2023-06-08 12:00:00,08 Jun 2023,15,2.4,41,-0.67,98.01,Indonesia (seed),,0
2023-06-09 00:00:00,09 Jun 2023,11,4.9,157,2.0,117.43,Indonesia (seed),,0
2023-06-09 12:00:00,09 Jun 2023,18,4.3,180,2.82,96.55,Indonesia (seed),,0
2023-06-10 00:00:00,10 Jun 2023,21,7.4,197,1.21,97.88,Indonesia (seed),,0
2023-06-10 12:00:00,10 Jun 2023,22,2.6,185,5.24,136.7,Indonesia (seed),,0
2023-06-11 00:00:00,11 Jun 2023,21,4.2,77,-10.69,101.41,Indonesia (seed),,0
2023-06-11 12:00:00,11 Jun 2023,13,7.3,147,-7.67,119.49,Indonesia (seed),,0
2023-06-12 00:00:00,12 Jun 2023,5,6.8,53,-10.87,113.91,Indonesia (seed),,1
2023-06-12 12:00:00,12 Jun 2023,5,6.5,125,0.01,110.98,Indonesia (seed),,0
2023-06-13 00:00:00,13 Jun 2023,12,3.4,92,4.27,136.39,Indonesia (seed),,0
2023-06-13 12:00:00,13 Jun 2023,18,2.9,144,-6.86,96.0,Indonesia (seed),,0
2023-06-14 00:00:00,14 Jun 2023,21,5.7,191,4.76,125.53,Indonesia (seed),,0
2023-06-14 12:00:00,14 Jun 2023,7,7.1,41,-9.98,139.32,Indonesia (seed),,0
2023-06-15 00:00:00,15 Jun 2023,1,5.1,65,4.89,120.77,Indonesia (seed),,0
2023-06-15 12:00:00,15 Jun 2023,20,5.1,175,-5.02,138.09,Indonesia (seed),,0
2023-06-16 00:00:00,16 Jun 2023,0,3.5,128,-9.28,97.4,Indonesia (seed),,0
2023-06-16 12:00:00,16 Jun 2023,14,6.2,43,-2.74,114.26,Indonesia (seed),,0
2023-06-17 00:00:00,17 Jun 2023,0,3.0,188,-6.63,106.97,Indonesia (seed),,0
2023-06-17 12:00:00,17 Jun 2023,4,3.8,67,-6.16,128.62,Indonesia (seed),,1
2023-06-18 00:00:00,18 Jun 2023,15,4.3,50,-5.78,140.14,Indonesia (seed),,0
2023-06-18 12:00:00,18 Jun 2023,18,4.8,92,2.65,106.8,Indonesia (seed),,0
2023-06-19 00:00:00,19 Jun 2023,3,3.3,15,-1.83,125.09,Indonesia (seed),,1
2023-06-19 12:00:00,19 Jun 2023,2,2.6,66,-5.71,104.11,Indonesia (seed),,0
2023-06-20 00:00:00,20 Jun 2023,16,5.4,81,-0.62,121.01,Indonesia (seed),,0
2023-06-20 12:00:00,20 Jun 2023,16,3.6,157,1.17,116.34,Indonesia (seed),,0
2023-06-21 00:00:00,21 Jun 2023,11,5.2,56,-6.37,139.71,Indonesia (seed),,0
2023-06-21 12:00:00,21 Jun 2023,13,2.8,8,-3.97,122.99,Indonesia (seed),,0
2023-06-22 00:00:00,22 Jun 2023,20,4.6,63,-8.93,111.08,Indonesia (seed),,0
2023-06-22 12:00:00,22 Jun 2023,5,4.9,76,-7.92,100.25,Indonesia (seed),,0
2023-06-23 00:00:00,23 Jun 2023,2,2.3,152,0.58,101.96,Indonesia (seed),,0
2023-06-23 12:00:00,23 Jun 2023,8,3.9,97,-7.92,105.36,Indonesia (seed),,0
2023-06-24 00:00:00,24 Jun 2023,4,2.7,67,-2.07,106.54,Indonesia (seed),,1
2023-06-24 12:00:00,24 Jun 2023,23,2.3,58,1.05,134.13,Indonesia (seed),,0
2023-06-25 00:00:00,25 Jun 2023,16,7.4,121,-9.18,120.82,Indonesia (seed),,0
2023-06-25 12:00:00,25 Jun 2023,13,3.8,114,-1.36,119.08,Indonesia (seed),,0
2023-06-26 00:00:00,26 Jun 2023,20,6.5,78,-6.64,100.28,Indonesia (seed),,0
2023-06-26 12:00:00,26 Jun 2023,2,3.4,111,5.37,134.57,Indonesia (seed),,0
2023-06-27 00:00:00,27 Jun 2023,0,5.7,61,-2.78,128.25,Indonesia (seed),,0
2023-06-27 12:00:00,27 Jun 2023,19,6.2,173,2.7,98.11,Indonesia (seed),,0
2023-06-28 00:00:00,28 Jun 2023,20,5.3,7,-1.65,127.56,Indonesia (seed),,0
2023-06-28 12:00:00,28 Jun 2023,22,4.6,124,-10.26,120.0,Indonesia (seed),,0
2023-06-29 00:00:00,29 Jun 2023,0,4.3,10,-0.24,98.76,Indonesia (seed),,0
2023-06-29 12:00:00,29 Jun 2023,2,3.9,9,5.17,116.08,Indonesia (seed),,0
2023-06-30 00:00:00,30 Jun 2023,17,7.1,9,-0.77,117.3,Indonesia (seed),,1
2023-06-30 12:00:00,30 Jun 2023,9,6.6,58,2.93,102.63,Indonesia (seed),,1
2023-07-01 00:00:00,01 Jul 2023,21,7.3,51,4.03,138.5,Indonesia (seed),,1
2023-07-01 12:00:00,01 Jul 2023,2,2.7,181,-7.12,134.1,Indonesia (seed),,0
2023-07-02 00:00:00,02 Jul 2023,7,6.0,13,-7.4,125.78,Indonesia (seed),,0
2023-07-02 12:00:00,02 Jul 2023,13,7.2,103,-0.61,116.27,Indonesia (seed),,0
2023-07-03 00:00:00,03 Jul 2023,23,3.0,24,-4.01,113.94,Indonesia (seed),,0
2023-07-03 12:00:00,03 Jul 2023,17,2.4,126,3.28,124.94,Indonesia (seed),,0
2023-07-04 00:00:00,04 Jul 2023,14,6.1,65,4.3,120.09,Indonesia (seed),,0
2023-07-04 12:00:00,04 Jul 2023,21,5.2,127,-4.99,97.86,Indonesia (seed),,0
2023-07-05 00:00:00,05 Jul 2023,22,6.6,167,-6.97,118.58,Indonesia (seed),,0
2023-07-05 12:00:00,05 Jul 2023,1,2.8,182,2.27,132.09,Indonesia (seed),,0
2023-07-06 00:00:00,06 Jul 2023,9,6.4,86,-6.33,116.13,Indonesia (seed),,0
2023-07-06 12:00:00,06 Jul 2023,1,3.1,66,2.98,97.39,Indonesia (seed),,0
2023-07-07 00:00:00,07 Jul 2023,16,2.9,149,-3.8,131.17,Indonesia (seed),,0
2023-07-07 12:00:00,07 Jul 2023,7,2.9,7,0.35,104.26,Indonesia (seed),,0
2023-07-08 00:00:00,08 Jul 2023,0,6.5,164,-9.38,106.9,Indonesia (seed),,0
2023-07-08 12:00:00,08 Jul 2023,8,5.7,17,-0.39,102.58,Indonesia (seed),,0
2023-07-09 00:00:00,09 Jul 2023,10,4.9,124,-3.32,110.19,Indonesia (seed),,1
2023-07-09 12:00:00,09 Jul 2023,21,4.0,129,-1.03,129.81,Indonesia (seed),,0
2023-07-10 00:00:00,10 Jul 2023,15,6.8,93,-8.14,118.89,Indonesia (seed),,0
2023-07-10 12:00:00,10 Jul 2023,6,4.2,77,1.53,104.42,Indonesia (seed),,0
2023-07-11 00:00:00,11 Jul 2023,9,6.5,72,3.67,135.38,Indonesia (seed),,0
2023-07-11 12:00:00,11 Jul 2023,22,4.4,146,-7.32,135.46,Indonesia (seed),,0
2023-07-12 00:00:00,12 Jul 2023,2,4.1,105,-9.37,135.05,Indonesia (seed),,0
2023-07-12 12:00:00,12 Jul 2023,17,4.5,102,-10.6,105.98,Indonesia (seed),,0
2023-07-13 00:00:00,13 Jul 2023,23,3.7,15,-0.09,115.76,Indonesia (seed),,0
2023-07-13 12:00:00,13 Jul 2023,12,6.1,109,-0.68,140.31,Indonesia (seed),,0
2023-07-14 00:00:00,14 Jul 2023,6,4.8,188,-1.71,130.51,Indonesia (seed),,0
2023-07-14 12:00:00,14 Jul 2023,3,3.3,71,-7.06,96.25,Indonesia (seed),,0
2023-07-15 00:00:00,15 Jul 2023,12,6.9,127,-4.35,98.0,Indonesia (seed),,0
2023-07-15 12:00:00,15 Jul 2023,19,4.1,33,-0.89,116.34,Indonesia (seed),,0
2023-07-16 00:00:00,16 Jul 2023,0,5.0,141,-2.55,136.82,Indonesia (seed),,0
2023-07-16 12:00:00,16 Jul 2023,7,7.0,199,5.79,119.78,Indonesia (seed),,0
2023-07-17 00:00:00,17 Jul 2023,13,5.4,157,-8.68,117.9,Indonesia (seed),,0
2023-07-17 12:00:00,17 Jul 2023,15,2.6,80,0.82,99.85,Indonesia (seed),,0
2023-07-18 00:00:00,18 Jul 2023,13,7.2,174,-4.13,125.21,Indonesia (seed),,0
2023-07-18 12:00:00,18 Jul 2023,11,5.5,13,-3.72,132.82,Indonesia (seed),,0
2023-07-19 00:00:00,19 Jul 2023,18,3.8,44,1.2,112.5,Indonesia (seed),,0
2023-07-19 12:00:00,19 Jul 2023,22,2.8,29,0.77,130.68,Indonesia (seed),,0
2023-07-20 00:00:00,20 Jul 2023,14,6.4,9,5.85,139.37,Indonesia (seed),,0
2023-07-20 12:00:00,20 Jul 2023,1,5.4,143,-8.82,104.37,Indonesia (seed),,0
2023-07-21 00:00:00,21 Jul 2023,1,4.9,191,-9.23,119.07,Indonesia (seed),,0
2023-07-21 12:00:00,21 Jul 2023,22,6.9,128,1.31,108.21,Indonesia (seed),,1
2023-07-22 00:00:00,22 Jul 2023,21,6.3,42,-1.17,131.47,Indonesia (seed),,0
2023-07-22 12:00:00,22 Jul 2023,18,2.8,76,-6.34,121.57,Indonesia (seed),,0
2023-07-23 00:00:00,23 Jul 2023,21,3.7,137,-9.65,124.19,Indonesia (seed),,0
2023-07-23 12:00:00,23 Jul 2023,21,3.4,180,-9.54,131.7,Indonesia (seed),,0
2023-07-24 00:00:00,24 Jul 2023,16,6.1,94,4.2,113.21,Indonesia (seed),,0
2023-07-24 12:00:00,24 Jul 2023,19,2.2,150,-7.74,137.09,Indonesia (seed),,0
2023-07-25 00:00:00,25 Jul 2023,9,5.1,41,-5.5,119.52,Indonesia (seed),,0
2023-07-25 12:00:00,25 Jul 2023,5,6.2,64,-7.15,102.27,Indonesia (seed),,0
2023-07-26 00:00:00,26 Jul 2023,14,6.8,180,-4.97,127.01,Indonesia (seed),,0
2023-07-26 12:00:00,26 Jul 2023,21,3.9,32,-9.82,131.49,Indonesia (seed),,0
2023-07-27 00:00:00,27 Jul 2023,10,6.5,85,-2.18,109.57,Indonesia (seed),,0
2023-07-27 12:00:00,27 Jul 2023,4,2.6,118,-9.85,134.43,Indonesia (seed),,0
2023-07-28 00:00:00,28 Jul 2023,0,6.7,44,2.61,136.68,Indonesia (seed),,1
2023-07-28 12:00:00,28 Jul 2023,7,2.7,49,-7.03,107.74,Indonesia (seed),,0
2023-07-29 00:00:00,29 Jul 2023,20,4.2,66,-1.82,140.24,Indonesia (seed),,0
2023-07-29 12:00:00,29 Jul 2023,11,6.4,97,3.96,101.47,Indonesia (seed),,0
2023-07-30 00:00:00,30 Jul 2023,11,2.8,119,0.06,104.29,Indonesia (seed),,0
2023-07-30 12:00:00,30 Jul 2023,4,3.3,190,-1.94,103.47,Indonesia (seed),,0
2023-07-31 00:00:00,31 Jul 2023,6,6.0,71,-5.49,136.12,Indonesia (seed),,0
2023-07-31 12:00:00,31 Jul 2023,3,6.0,60,-5.34,125.1,Indonesia (seed),,0
2023-08-01 00:00:00,01 Aug 2023,5,5.5,44,0.38,102.0,Indonesia (seed),,0
2023-08-01 12:00:00,01 Aug 2023,12,5.8,102,5.9,115.25,Indonesia (seed),,0
2023-08-02 00:00:00,02 Aug 2023,19,5.0,44,0.25,123.3,Indonesia (seed),,0
2023-08-02 12:00:00,02 Aug 2023,14,3.4,95,-1.52,98.84,Indonesia (seed),,0
2023-08-03 00:00:00,03 Aug 2023,2,3.9,37,1.42,135.59,Indonesia (seed),,0
2023-08-03 12:00:00,03 Aug 2023,22,3.0,10,-3.09,131.97,Indonesia (seed),,0
2023-08-04 00:00:00,04 Aug 2023,7,7.0,151,-9.98,118.24,Indonesia (seed),,0
2023-08-04 12:00:00,04 Aug 2023,19,5.2,84,-1.44,139.49,Indonesia (seed),,0
2023-08-05 00:00:00,05 Aug 2023,15,4.2,172,5.28,114.22,Indonesia (seed),,0
2023-08-05 12:00:00,05 Aug 2023,12,4.5,96,-8.02,140.27,Indonesia (seed),,1
2023-08-06 00:00:00,06 Aug 2023,17,7.2,101,0.73,125.72,Indonesia (seed),,0
2023-08-06 12:00:00,06 Aug 2023,9,2.8,63,-7.58,124.19,Indonesia (seed),,0
2023-08-07 00:00:00,07 Aug 2023,18,5.2,63,-1.89,102.63,Indonesia (seed),,0
2023-08-07 12:00:00,07 Aug 2023,16,4.8,52,-9.36,135.57,Indonesia (seed),,0
2023-08-08 00:00:00,08 Aug 2023,23,5.4,173,-3.34,114.66,Indonesia (seed),,0
2023-08-08 12:00:00,08 Aug 2023,18,2.1,17,1.85,102.46,Indonesia (seed),,0
2023-08-09 00:00:00,09 Aug 2023,22,6.8,111,-5.09,95.58,Indonesia (seed),,0
2023-08-09 12:00:00,09 Aug 2023,4,7.1,49,0.3,120.75,Indonesia (seed),,1
2023-08-10 00:00:00,10 Aug 2023,20,5.1,93,2.52,119.26,Indonesia (seed),,0
2023-08-10 12:00:00,10 Aug 2023,22,5.8,185,4.76,128.09,Indonesia (seed),,0
2023-08-11 00:00:00,11 Aug 2023,8,7.1,174,-7.01,135.95,Indonesia (seed),,0
2023-08-11 12:00:00,11 Aug 2023,11,5.9,104,-4.21,98.65,Indonesia (seed),,0
2023-08-12 00:00:00,12 Aug 2023,20,2.8,195,-8.41,128.65,Indonesia (seed),,0
2023-08-12 12:00:00,12 Aug 2023,0,5.2,159,5.87,103.62,Indonesia (seed),,0
2023-08-13 00:00:00,13 Aug 2023,0,5.3,170,4.76,134.48,Indonesia (seed),,0
2023-08-13 12:00:00,13 Aug 2023,14,4.3,192,-1.82,132.68,Indonesia (seed),,0
2023-08-14 00:00:00,14 Aug 2023,1,6.1,11,3.31,119.88,Indonesia (seed),,0
2023-08-14 12:00:00,14 Aug 2023,21,7.1,137,-2.14,127.67,Indonesia (seed),,0
2023-08-15 00:00:00,15 Aug 2023,15,7.1,49,-0.4,109.46,Indonesia (seed),,1
2023-08-15 12:00:00,15 Aug 2023,7,4.5,62,-9.48,116.67,Indonesia (seed),,0
2023-08-16 00:00:00,16 Aug 2023,12,2.6,35,1.84,132.8,Indonesia (seed),,0
2023-08-16 12:00:00,16 Aug 2023,20,7.4,27,-8.83,116.13,Indonesia (seed),,1
2023-08-17 00:00:00,17 Aug 2023,0,6.6,174,3.04,111.46,Indonesia (seed),,0
2023-08-17 12:00:00,17 Aug 2023,15,2.7,142,2.29,117.73,Indonesia (seed),,0
2023-08-18 00:00:00,18 Aug 2023,6,7.1,164,1.05,133.1,Indonesia (seed),,0
2023-08-18 12:00:00,18 Aug 2023,4,6.8,111,-10.39,110.42,Indonesia (seed),,0
2023-08-19 00:00:00,19 Aug 2023,21,4.9,185,-5.85,102.99,Indonesia (seed),,1
2023-08-19 12:00:00,19 Aug 2023,22,5.3,162,-6.53,127.75,Indonesia (seed),,0
2023-08-20 00:00:00,20 Aug 2023,2,4.2,43,-4.88,132.99,Indonesia (seed),,0
2023-08-20 12:00:00,20 Aug 2023,11,2.3,163,-9.51,99.63,Indonesia (seed),,0
2023-08-21 00:00:00,21 Aug 2023,15,3.8,86,4.93,106.03,Indonesia (seed),,0
2023-08-21 12:00:00,21 Aug 2023,18,6.4,104,-1.59,101.53,Indonesia (seed),,0
2023-08-22 00:00:00,22 Aug 2023,4,2.0,6,-5.81,111.01,Indonesia (seed),,0
2023-08-22 12:00:00,22 Aug 2023,21,3.8,81,-4.25,115.72,Indonesia (seed),,0
2023-08-23 00:00:00,23 Aug 2023,13,4.2,16,-3.4,129.45,Indonesia (seed),,0
2023-08-23 12:00:00,23 Aug 2023,4,5.0,43,-0.79,124.95,Indonesia (seed),,1
2023-08-24 00:00:00,24 Aug 2023,14,7.1,198,-2.23,123.56,Indonesia (seed),,0
2023-08-24 12:00:00,24 Aug 2023,16,3.9,17,4.63,111.21,Indonesia (seed),,0
2023-08-25 00:00:00,25 Aug 2023,13,3.9,50,-2.55,133.71,Indonesia (seed),,0
2023-08-25 12:00:00,25 Aug 2023,19,6.1,159,5.87,116.68,Indonesia (seed),,0
2023-08-26 00:00:00,26 Aug 2023,4,4.5,117,3.47,140.04,Indonesia (seed),,0
2023-08-26 12:00:00,26 Aug 2023,11,3.2,21,-7.46,124.17,Indonesia (seed),,0
2023-08-27 00:00:00,27 Aug 2023,15,4.5,108,4.82,100.81,Indonesia (seed),,0
2023-08-27 12:00:00,27 Aug 2023,15,2.8,102,-9.02,126.1,Indonesia (seed),,0
2023-08-28 00:00:00,28 Aug 2023,20,3.0,192,2.9,109.95,Indonesia (seed),,0
2023-08-28 12:00:00,28 Aug 2023,6,4.7,196,-4.53,126.57,Indonesia (seed),,0
2023-08-29 00:00:00,29 Aug 2023,3,4.3,92,3.93,98.2,Indonesia (seed),,0
2023-08-29 12:00:00,29 Aug 2023,0,7.0,113,3.76,103.04,Indonesia (seed),,0
2023-08-30 00:00:00,30 Aug 2023,4,4.0,167,2.7,134.36,Indonesia (seed),,0
2023-08-30 12:00:00,30 Aug 2023,22,5.2,74,2.43,105.45,Indonesia (seed),,0
2023-08-31 00:00:00,31 Aug 2023,9,5.5,162,-5.82,133.5,Indonesia (seed),,0
2023-08-31 12:00:00,31 Aug 2023,21,2.1,78,-9.62,107.85,Indonesia (seed),,0
2023-09-01 00:00:00,01 Sep 2023,4,5.6,67,-4.15,124.57,Indonesia (seed),,0
2023-09-01 12:00:00,01 Sep 2023,3,3.0,160,-8.05,126.93,Indonesia (seed),,0
2023-09-02 00:00:00,02 Sep 2023,1,7.3,64,0.81,118.58,Indonesia (seed),,1
2023-09-02 12:00:00,02 Sep 2023,19,2.8,83,-5.12,109.04,Indonesia (seed),,0
2023-09-03 00:00:00,03 Sep 2023,9,4.3,41,5.59,104.78,Indonesia (seed),,0
2023-09-03 12:00:00,03 Sep 2023,18,2.5,26,-0.1,96.53,Indonesia (seed),,0
2023-09-04 00:00:00,04 Sep 2023,0,7.5,152,2.98,108.98,Indonesia (seed),,0
2023-09-04 12:00:00,04 Sep 2023,23,4.8,100,-8.75,125.05,Indonesia (seed),,0
2023-09-05 00:00:00,05 Sep 2023,4,5.3,72,3.65,138.16,Indonesia (seed),,0
2023-09-05 12:00:00,05 Sep 2023,12,2.4,196,4.69,135.08,Indonesia (seed),,0
2023-09-06 00:00:00,06 Sep 2023,3,6.1,21,-2.72,130.24,Indonesia (seed),,0
2023-09-06 12:00:00,06 Sep 2023,15,3.2,16,-0.69,131.27,Indonesia (seed),,0
2023-09-07 00:00:00,07 Sep 2023,23,6.9,154,2.0,125.59,Indonesia (seed),,0
2023-09-07 12:00:00,07 Sep 2023,15,3.1,149,-8.03,106.97,Indonesia (seed),,0
2026-05-28T01:46:21+00:00,28 Mei 2026,8,5.1,10,-10.55,124.49,86 km Tenggara TIMORTENGAHSEL-NTT,,0
2026-05-26T08:39:10+00:00,26 Mei 2026,15,5.1,10,-9.01,113.84,93 km Tenggara JEMBER-JATIM,,0
2026-05-25T22:03:43+00:00,26 Mei 2026,5,5.1,10,-3.96,133.99,45 km Tenggara KAIMANA-PAPUABRT,,0
2026-05-25T20:39:21+00:00,26 Mei 2026,3,5.7,22,1.06,126.19,125 km Tenggara BITUNG-SULUT,,0
2026-05-25T10:23:58+00:00,25 Mei 2026,17,5.2,136,-7.55,128.64,115 km TimurLaut MALUKUBRTDAYA,,0
2026-05-23T12:40:26+00:00,23 Mei 2026,19,5.3,17,-4.67,102.57,45 km BaratDaya BENGKULUSELATAN,,0
2026-05-22T01:05:09+00:00,22 Mei 2026,8,5.8,26,1.07,126.18,124 km Tenggara BITUNG-SULUT,,0
2026-05-20T23:12:56+00:00,21 Mei 2026,6,5.0,137,-6.06,130.47,231 km BaratLaut TANIMBAR,,0
2026-05-20T10:28:50+00:00,20 Mei 2026,17,5.2,12,-8.09,119.21,65 km TimurLaut KOTA-BIMA-NTB,,0
2026-05-14T17:53:15+00:00,15 Mei 2026,0,6.7,163,-6.09,130.56,224 km BaratLaut TANIMBAR,,0
2026-05-12T08:54:00+00:00,12 Mei 2026,15,5.3,89,4.64,127.35,32 km Tenggara PULAUKARATUNG-SULUT,,0
2026-05-05T06:44:50+00:00,05 Mei 2026,13,6.0,10,-10.11,119.3,37 km BaratDaya WANOKAKA-NTT,,0
2026-05-05T02:38:50+00:00,05 Mei 2026,9,5.3,188,-6.41,130.23,210 km BaratLaut TANIMBAR,,0
2026-05-02T10:27:11+00:00,02 Mei 2026,17,5.6,114,-5.64,130.92,201 km BaratLaut MALUKUTENGGARA,,0
2026-05-01T18:52:47+00:00,02 Mei 2026,1,5.1,199,-7.52,128.53,107 km TimurLaut MALUKUBRTDAYA,,0
2026-05-29T21:46:49+00:00,30 Mei 2026,4,3.2,4,-3.56,122.28,Pusat gempa berada di darat 19 km timur Konawe Utara,,0
2026-05-29T15:37:35+00:00,29 Mei 2026,22,2.4,14,-6.87,108.46,Pusat gempa berada di darat 12 Km utara Kuningan,,0
2026-05-29T14:50:23+00:00,29 Mei 2026,21,3.0,4,-5.33,104.62,Pusat gempa berada di darat 18 Km barat laut Tanggamus,,0
2026-05-29T14:34:43+00:00,29 Mei 2026,21,4.6,4,-3.56,122.3,Pusat gempa berada di darat 22 km timur Konawe Utara,,0
2026-05-29T06:25:21+00:00,29 Mei 2026,13,3.2,4,2.56,98.64,Pusat gempa berada di darat 10 km Barat Daya Samosir,,0
2026-05-28T23:20:01+00:00,29 Mei 2026,6,3.2,10,-8.53,116.08,Pusat gempa berada di Darat 18 km utara Lombok Barat,,0
2026-05-28T21:43:40+00:00,29 Mei 2026,4,3.1,13,-8.49,116.07,Pusat gempa berada di darat 18 km Barat Daya Lombok Utara,,0
2026-05-28T20:59:10+00:00,29 Mei 2026,3,4.6,30,-8.37,109.03,Pusat gempa berada di laut 71 km tenggara Cilacap,,0
2026-05-28T20:03:25+00:00,29 Mei 2026,3,3.7,11,-8.53,116.08,Pusat gempa berada di darat 18 km utara Lombok Barat,,0
2026-05-26T19:49:05+00:00,27 Mei 2026,2,4.4,4,4.12,97.48,Pusat gempa berada di darat 20 km timur laut Gayolues,,0
2026-05-26T09:30:12+00:00,26 Mei 2026,16,3.0,10,-3.22,129.01,Pusat gempa berada di darat 11 km Timur Laut Maluku Tengah,,0
2026-05-24T15:33:11+00:00,24 Mei 2026,22,4.8,22,0.98,126.15,Pusat gempa berada di laut 125 km Tenggara Bitung,,0
